gene,family
AET0Gv20020000,MYB-related
AET0Gv20038000,C2H2
AET1Gv20042700,MYB
AET1Gv20047400,FAR1
AET1Gv20064800,C2H2
AET1Gv20070800,HB-other
AET1Gv20088400,C2H2
AET1Gv20098200,MYB
AET1Gv20104200,MADS-MIKC
AET1Gv20185300,bZIP
AET1Gv20233100,B3
AET1Gv20259100,MYB-related
AET1Gv20274600,MYB-related
AET1Gv20280500,HSF
AET1Gv20308000,FAR1
AET1Gv20319500,MYB
AET1Gv20365500,AP2/ERF-ERF
AET1Gv20406900,HB-HD-ZIP
AET1Gv20426100,Trihelix
AET1Gv20482500,AP2/ERF-ERF
AET1Gv20485800,bZIP
AET1Gv20493300,NAC
AET1Gv20104500,MADS-MIKC
AET1Gv20516000,B3
AET1Gv20553300,C2C2-GATA
AET1Gv20556600,MYB
AET1Gv20663200,NAC
AET1Gv20684400,C2H2
AET1Gv20717200,WRKY
AET1Gv20726700,MYB-related
AET1Gv20735400,MADS-M-type
AET1Gv20797000,bZIP
AET1Gv20844900,HSF
AET1Gv20848100,NF-YC
AET1Gv20143700,AP2/ERF-AP2
AET1Gv20923300,FAR1
AET1Gv20953700,HB-WOX
AET1Gv20957500,WRKY
AET1Gv20993200,MYB-related
AET1Gv20994300,MYB-related
AET2Gv20021700,WRKY
AET2Gv20029600,AP2/ERF-ERF
AET2Gv20061000,C3H
AET2Gv20067000,AP2/ERF-ERF
AET2Gv20070700,FAR1
AET2Gv20115700,NAC
AET2Gv20151100,bHLH
AET2Gv20160500,FAR1
AET2Gv20201700,HB-WOX
AET2Gv20300800,HSF
AET2Gv20314200,B3
AET2Gv20359000,NF-YA
AET2Gv20388800,GRAS
AET2Gv20486300,SBP
AET2Gv20584400,GARP-G2-like
AET2Gv20607400,WRKY
AET2Gv20652600,Trihelix
AET2Gv20656500,AP2/ERF-ERF
AET2Gv20703000,FAR1
AET2Gv20705100,AP2/ERF-ERF
AET2Gv20705600,MADS-MIKC
AET2Gv20712400,Trihelix
AET2Gv20741200,C2H2
AET2Gv20755800,NAC
AET2Gv20756000,NAC
AET2Gv20760100,NAC
AET1Gv20169800,MYB
AET2Gv20830800,LIM
AET2Gv20855700,FAR1
AET2Gv20865800,C2C2-GATA
AET2Gv20875900,OFP
AET2Gv20895000,GARP-G2-like
AET2Gv20905600,TCP
AET2Gv20921900,AP2/ERF-ERF
AET2Gv20942000,FAR1
AET2Gv20987600,MYB-related
AET2Gv21019800,NAC
AET2Gv21048900,B3
AET2Gv21091100,bZIP
AET1Gv20185400,HB-KNOX
AET2Gv21132700,AP2/ERF-ERF
AET2Gv21157500,MADS-M-type
AET2Gv21197800,MYB
AET2Gv21198500,B3-ARF
AET2Gv21233200,C2C2-Dof
AET2Gv21288600,NAC
AET2Gv21310500,NAC
AET3Gv20004900,bHLH
AET3Gv20014900,FAR1
AET3Gv20118400,AP2/ERF-RAV
AET3Gv20124700,MYB-related
AET3Gv20171700,NAC
AET3Gv20227100,FAR1
AET3Gv20235400,MYB-related
AET3Gv20248100,C2H2
AET3Gv20335100,MYB
AET3Gv20360600,bHLH
AET3Gv20378300,C3H
AET3Gv20382100,LOB
AET3Gv20393500,C3H
AET3Gv20399900,C3H
AET3Gv20408000,NAC
AET3Gv20506700,bHLH
AET3Gv20513100,bHLH
AET3Gv20520200,WRKY
AET3Gv20594700,HB-WOX
AET1Gv20185800,HB-KNOX
AET1Gv20312700,MADS-MIKC
AET3Gv20650300,C2C2-Dof
AET1Gv20403600,MYB
AET3Gv20683500,OFP
AET1Gv20406400,B3-ARF
AET3Gv20692600,bZIP
AET3Gv20706100,TCP
AET3Gv20763000,bZIP
AET3Gv20781200,OFP
AET3Gv20799400,C2H2
AET3Gv20802200,C2H2
AET1Gv20438500,MYB
AET3Gv20808100,MADS-M-type
AET3Gv20811000,WRKY
AET1Gv20514400,MADS-MIKC
AET3Gv20843300,NAC
AET3Gv20863400,NAC
AET1Gv20514800,MADS-MIKC
AET3Gv20874200,HSF
AET3Gv20921100,NAC
AET3Gv20928000,C2H2
AET3Gv20938900,bHLH
AET3Gv20943600,C3H
AET3Gv20960700,MADS-M-type
AET3Gv20969100,TCP
AET3Gv20978400,Trihelix
AET1Gv20517200,MYB
AET3Gv21145200,SRS
AET3Gv21230100,GARP-G2-like
AET3Gv21259600,C3H
AET4Gv20009500,BES1
AET4Gv20020300,GARP-G2-like
AET4Gv20022300,FAR1
AET4Gv20057800,HSF
AET4Gv20115500,AP2/ERF-ERF
AET1Gv20614600,MYB
AET4Gv20124900,GRF
AET4Gv20168600,C2C2-Dof
AET4Gv20169300,B3
AET4Gv20210100,C2H2
AET1Gv20636300,MADS-MIKC
AET4Gv20288100,GRAS
AET4Gv20289000,GRAS
AET4Gv20339600,FAR1
AET4Gv20450900,bZIP
AET4Gv20490900,C3H
AET4Gv20552400,bHLH
AET4Gv20561500,C3H
AET4Gv20562000,MYB-related
AET1Gv20641500,MADS-MIKC
AET4Gv20604500,NAC
AET4Gv20626500,B3
AET4Gv20679100,FAR1
AET4Gv20707600,FAR1
AET4Gv20717800,Tify
AET4Gv20722600,AP2/ERF-ERF
AET4Gv20725800,B3
AET4Gv20750700,LOB
AET4Gv20765800,MYB
AET4Gv20781200,FAR1
AET4Gv20784200,bHLH
AET4Gv20821400,AP2/ERF-ERF
AET4Gv20865800,MYB
AET4Gv20866900,HB-HD-ZIP
AET4Gv20867400,HSF
AET5Gv20070000,C2H2
AET5Gv20071100,FAR1
AET5Gv20133700,FAR1
AET5Gv20159900,CPP
AET5Gv20196400,FAR1
AET5Gv20200500,C2H2
AET5Gv20203400,AP2/ERF-ERF
AET5Gv20212000,C2H2
AET5Gv20223200,MYB
AET5Gv20233200,HB-WOX
AET5Gv20326400,MYB-related
AET5Gv20333400,C2C2-GATA
AET5Gv20344200,bZIP
AET1Gv20649700,MYB
AET5Gv20379300,WRKY
AET5Gv20391500,GARP-G2-like
AET5Gv20398700,WRKY
AET5Gv20403300,MYB
AET5Gv20439100,AP2/ERF-ERF
AET5Gv20469300,OFP
AET5Gv20476100,C3H
AET5Gv20506400,TCP
AET1Gv20675200,HB-BELL
AET5Gv20558500,NAC
AET5Gv20561700,GeBP
AET5Gv20565700,HSF
AET5Gv20584600,bHLH
AET5Gv20623100,bZIP
AET5Gv20649800,MYB-related
AET5Gv20650000,MYB-related
AET5Gv20651000,bHLH
AET5Gv20667300,SBP
AET5Gv20711900,bHLH
AET5Gv20719700,AP2/ERF-ERF
AET5Gv20721400,AP2/ERF-ERF
AET5Gv20730400,DBB
AET5Gv20748900,GRAS
AET5Gv20780200,FAR1
AET5Gv20837200,Trihelix
AET5Gv20838500,C2H2
AET5Gv20880800,bHLH
AET5Gv20895700,HSF
AET5Gv20907500,MYB-related
AET5Gv20927400,B3
AET5Gv20928100,GARP-G2-like
AET5Gv20933700,bZIP
AET1Gv20680300,MYB
AET5Gv20945800,NAC
AET5Gv20946300,NAC
AET5Gv20953500,GRAS
AET5Gv21028400,FAR1
AET5Gv21106300,C2H2
AET5Gv21106600,C2H2
AET5Gv21106700,C2H2
AET5Gv21109100,C2C2-Dof
AET5Gv21150300,TCP
AET5Gv21153100,bHLH
AET6Gv20027900,FAR1
AET6Gv20138600,LOB
AET6Gv20140700,FAR1
AET6Gv20217400,bZIP
AET6Gv20252800,AP2/ERF-ERF
AET6Gv20255000,HSF
AET6Gv20282200,GARP-G2-like
AET6Gv20292900,WRKY
AET6Gv20340800,AP2/ERF-ERF
AET6Gv20342400,MADS-MIKC
AET6Gv20354900,MYB
AET1Gv20806400,B3-ARF
AET1Gv20813100,HB-PHD
AET6Gv20382100,TUB
AET6Gv20390500,SBP
AET6Gv20399100,PLATZ
AET6Gv20574900,FAR1
AET6Gv20624400,C2C2-GATA
AET6Gv20633400,AP2/ERF-ERF
AET6Gv20636100,FAR1
AET6Gv20662600,AP2/ERF-ERF
AET6Gv20663900,AP2/ERF-ERF
AET6Gv20666200,OFP
AET6Gv20679600,GARP-G2-like
AET6Gv20686100,GRF
AET6Gv20697800,bHLH
AET6Gv20712000,C3H
AET6Gv20721800,C2C2-CO-like
AET6Gv20723300,NF-YB
AET6Gv20787500,AP2/ERF-ERF
AET6Gv20813800,MYB-related
AET1Gv20865900,AP2/ERF-AP2
AET6Gv20882900,bHLH
AET6Gv20898000,DBP
AET6Gv20914300,GARP-G2-like
AET6Gv20962500,FAR1
AET7Gv20031400,MYB-related
AET7Gv20040000,HB-BELL
AET7Gv20062500,B3
AET7Gv20124800,AP2/ERF-ERF
AET7Gv20164400,NAC
AET7Gv20283100,MYB-related
AET7Gv20311300,MYB-related
AET7Gv20324500,FAR1
AET7Gv20369300,MYB-related
AET7Gv20384200,NAC
AET7Gv20443100,bHLH
AET7Gv20481600,B3
AET7Gv20512300,Tify
AET7Gv20517700,NAC
AET7Gv20529400,bZIP
AET7Gv20537600,NF-YB
AET7Gv20538600,NF-YB
AET7Gv20607400,NAC
AET7Gv20638900,MADS-M-type
AET7Gv20643900,bHLH
AET7Gv20727700,C2H2
AET7Gv20747000,GARP-G2-like
AET7Gv20748300,MYB
AET7Gv20764900,MYB-related
AET7Gv20768400,bHLH
AET1Gv20882300,MYB
AET7Gv20804500,bHLH
AET7Gv20814100,OFP
AET7Gv20840800,WRKY
AET1Gv20882400,MYB
AET7Gv20865300,bHLH
AET7Gv20868900,FAR1
AET7Gv20874300,FAR1
AET7Gv20920400,NAC
AET7Gv20924800,AP2/ERF-ERF
AET7Gv20935300,GARP-G2-like
AET7Gv20972200,MYB-related
AET7Gv20982000,bHLH
AET7Gv20997600,GARP-G2-like
AET1Gv20882500,MYB
AET7Gv21031300,HB-HD-ZIP
AET7Gv21045600,C2H2
AET7Gv21137400,NAC
AET1Gv20896300,AP2/ERF-RAV
AET7Gv21212200,C2C2-CO-like
AET7Gv21246600,WRKY
AET7Gv21258000,C2H2
AET7Gv21306900,C2H2
AET7Gv21320100,C2H2
AET7Gv21326100,MADS-M-type
AET7Gv21345300,bHLH
AET0Gv20014000,HB-other
AET0Gv20083200,FAR1
AET0Gv20109800,NAC
AET0Gv20128400,FAR1
AET1Gv20001900,NAC
AET1Gv20030900,HB-WOX
AET1Gv20063000,GRAS
AET1Gv20114900,FAR1
AET1Gv20135200,C2H2
AET1Gv20151400,MADS-M-type
AET1Gv20195000,DBP
AET1Gv20197300,bHLH
AET1Gv20275900,FAR1
AET1Gv20300200,WRKY
AET1Gv20371400,C2C2-GATA
AET1Gv20896800,AP2/ERF-RAV
AET1Gv20442100,C2C2-Dof
AET1Gv20461200,C3H
AET1Gv20487400,OFP
AET1Gv20492400,HB-BELL
AET1Gv20500600,PLATZ
AET1Gv20524900,C2H2
AET1Gv20547800,AP2/ERF-ERF
AET1Gv20549600,HB-HD-ZIP
AET1Gv20556300,AP2/ERF-ERF
AET1Gv20566700,AP2/ERF-ERF
AET1Gv20591800,AP2/ERF-ERF
AET1Gv20630100,LOB
AET1Gv20634900,Alfin-like
AET1Gv20639800,NAC
AET1Gv20911600,MYB
AET1Gv20657500,TUB
AET1Gv20664600,bZIP
AET1Gv20670800,C2C2-LSD
AET1Gv20675700,bHLH
AET1Gv20707600,AP2/ERF-ERF
AET1Gv20711400,B3
AET1Gv20725300,GARP-G2-like
AET1Gv20729600,MYB
AET1Gv20747900,C2H2
AET1Gv20766700,C2H2
AET1Gv20794700,AP2/ERF-ERF
AET1Gv20826600,C3H
AET1Gv20948900,HB-other
AET1Gv20950700,B3-ARF
AET1Gv20943300,Trihelix
AET1Gv20968300,MYB-related
AET1Gv20978600,AP2/ERF-ERF
AET1Gv20992600,zf-HD
AET1Gv20993300,MYB-related
AET2Gv20007100,C2H2
AET2Gv20066700,AP2/ERF-ERF
AET2Gv20102100,GRAS
AET2Gv20159700,NAC
AET2Gv20199400,bZIP
AET2Gv20200400,EIL
AET2Gv20203500,NAC
AET2Gv20213900,OFP
AET2Gv20230600,GARP-G2-like
AET2Gv20232900,AP2/ERF-ERF
AET2Gv20235300,C3H
AET2Gv20265400,FAR1
AET2Gv20127700,MYB
AET2Gv20251300,HB-other
AET2Gv20361100,NF-YB
AET2Gv20376000,C2H2
AET2Gv20386200,C2H2
AET2Gv20401700,C2H2
AET2Gv20456600,GRAS
AET2Gv20538200,GRF
AET2Gv20326500,MYB
AET2Gv20641100,B3
AET2Gv20642800,CAMTA
AET2Gv20653700,AP2/ERF-ERF
AET2Gv20662300,Trihelix
AET2Gv20672500,OFP
AET2Gv20690800,zf-HD
AET2Gv20709900,C2H2
AET2Gv20763200,FAR1
AET2Gv20840500,TCP
AET2Gv20849000,B3-ARF
AET2Gv20860200,NAC
AET2Gv20863900,HB-other
AET2Gv20866200,DBB
AET2Gv20874800,C2C2-GATA
AET2Gv20886700,GRF
AET2Gv20888800,AP2/ERF-ERF
AET2Gv20898100,RWP-RK
AET2Gv20914700,C2H2
AET2Gv20914800,C2H2
AET2Gv20918800,AP2/ERF-ERF
AET2Gv20977200,bHLH
AET2Gv20978400,LFY
AET2Gv20987700,MYB-related
AET2Gv21009300,MYB-related
AET2Gv21017400,bHLH
AET2Gv21047800,HB-HD-ZIP
AET2Gv20329900,MYB
AET2Gv21084300,C3H
AET2Gv21101100,AP2/ERF-ERF
AET2Gv21103800,AP2/ERF-ERF
AET2Gv21173100,GRAS
AET2Gv20351700,FAR1
AET2Gv21226600,B3
AET2Gv20490300,MYB
AET2Gv21233100,C2C2-Dof
AET2Gv21249400,OFP
AET2Gv21281800,C2H2
AET2Gv21288500,NAC
AET2Gv21305100,C2C2-GATA
AET2Gv21306700,NAC
AET3Gv20034000,MYB
AET3Gv20038400,bHLH
AET3Gv20055500,bHLH
AET2Gv20578200,HB-KNOX
AET3Gv20072900,GeBP
AET3Gv20121500,C2H2
AET3Gv20145800,C2H2
AET3Gv20202400,LOB
AET3Gv20202600,C2H2
AET3Gv20214400,AP2/ERF-ERF
AET3Gv20226400,bHLH
AET3Gv20290700,MYB-related
AET3Gv20294400,B3
AET3Gv20294500,NF-X1
AET2Gv20579100,AP2/ERF-AP2
AET3Gv20301700,AP2/ERF-ERF
AET3Gv20311100,bHLH
AET3Gv20344300,OFP
AET3Gv20363200,RWP-RK
AET3Gv20381700,C2H2
AET3Gv20386000,WRKY
AET3Gv20388900,GARP-G2-like
AET2Gv20590100,MADS-MIKC
AET3Gv20554500,HSF
AET3Gv20582100,AP2/ERF-ERF
AET3Gv20586700,C2C2-GATA
AET3Gv20605500,WRKY
AET3Gv20614000,MYB-related
AET2Gv20737200,MYB
AET3Gv20645000,E2F-DP
AET3Gv20677900,B3
AET3Gv20696300,C2H2
AET3Gv20741800,HB-HD-ZIP
AET3Gv20751900,bZIP
AET3Gv20761100,MYB
AET3Gv20768900,NAC
AET3Gv20777400,WRKY
AET3Gv20783000,LOB
AET3Gv20824700,HB-WOX
AET3Gv20831600,C2H2
AET3Gv20832500,bZIP
AET3Gv20832700,bZIP
AET3Gv20836900,NAC
AET3Gv20873700,HSF
AET3Gv20897300,LOB
AET3Gv20903400,AP2/ERF-ERF
AET3Gv20924000,FAR1
AET3Gv20924800,MYB-related
AET3Gv20932500,MADS-M-type
AET3Gv20933000,MYB
AET3Gv20963100,CAMTA
AET3Gv20974600,NAC
AET3Gv20975700,MYB
AET3Gv20998300,NF-YB
AET3Gv21009900,MADS-M-type
AET3Gv21015200,NF-YB
AET3Gv21159700,C2H2
AET3Gv21160000,PLATZ
AET3Gv21172000,MYB-related
AET3Gv21234700,WRKY
AET4Gv20001700,OFP
AET4Gv20025400,LOB
AET4Gv20032900,HB-other
AET4Gv20035500,MADS-M-type
AET4Gv20123000,bHLH
AET4Gv20150000,B3
AET4Gv20150400,B3
AET4Gv20173500,HB-HD-ZIP
AET4Gv20202600,NAC
AET4Gv20205200,C2C2-GATA
AET4Gv20214700,NAC
AET4Gv20262400,GRAS
AET4Gv20288900,GRAS
AET4Gv20289100,GRAS
AET4Gv20401100,WRKY
AET4Gv20458000,GARP-G2-like
AET4Gv20559700,FAR1
AET4Gv20593100,HB-HD-ZIP
AET2Gv20737400,MADS-MIKC
AET4Gv20603800,HB-WOX
AET4Gv20630600,FAR1
AET4Gv20638700,bHLH
AET4Gv20661000,E2F-DP
AET4Gv20664300,C2H2
AET4Gv20678000,MADS-MIKC
AET2Gv20794300,DBB
AET4Gv20698400,HB-HD-ZIP
AET4Gv20705500,NF-YA
AET4Gv20741600,FAR1
AET4Gv20758400,C2H2
AET4Gv20767100,GARP-G2-like
AET4Gv20775200,NAC
AET4Gv20783100,FAR1
AET4Gv20794800,bZIP
AET2Gv20809300,AP2/ERF-AP2
AET4Gv20817300,CPP
AET4Gv20822500,B3
AET4Gv20837700,bHLH
AET4Gv20852200,C2H2
AET4Gv20862000,C2H2
AET4Gv20882100,bHLH
AET4Gv20883300,bHLH
AET5Gv20097300,NF-YA
AET5Gv20184700,AP2/ERF-ERF
AET5Gv20185500,B3
AET2Gv20819300,MYB
AET2Gv20829400,MYB
AET5Gv20360700,FAR1
AET5Gv20379400,WRKY
AET5Gv20399900,HB-WOX
AET5Gv20418200,C2C2-CO-like
AET5Gv20444800,GARP-G2-like
AET2Gv20829900,MYB
AET5Gv20607100,WRKY
AET5Gv20634400,NAC
AET5Gv20678100,NAC
AET5Gv20682500,bHLH
AET5Gv20712100,bHLH
AET2Gv20830500,MYB
AET5Gv20714900,AP2/ERF-ERF
AET5Gv20719500,AP2/ERF-ERF
AET5Gv20719900,AP2/ERF-ERF
AET2Gv20852400,MYB
AET5Gv20803100,C2H2
AET5Gv20820500,NAC
AET5Gv20877400,MYB-related
AET5Gv20880000,C2C2-LSD
AET5Gv20911100,MADS-MIKC
AET5Gv21087200,AP2/ERF-ERF
AET5Gv21106000,C2H2
AET5Gv21106800,C2H2
AET5Gv21192500,NAC
AET5Gv21211100,WRKY
AET5Gv21226500,MYB
AET6Gv20028000,Trihelix
AET6Gv20047400,MADS-M-type
AET6Gv20048500,MADS-M-type
AET6Gv20093400,MYB
AET6Gv20109700,FAR1
AET6Gv20180800,HB-other
AET6Gv20253100,AP2/ERF-ERF
AET6Gv20375200,C2H2
AET6Gv20375500,NAC
AET6Gv20396500,SBP
AET6Gv20400900,NF-YC
AET6Gv20414700,GRAS
AET6Gv20487600,AP2/ERF-ERF
AET6Gv20544100,E2F-DP
AET6Gv20567800,bHLH
AET6Gv20602700,MYB
AET2Gv20930900,MADS-MIKC
AET6Gv20645100,C2H2
AET6Gv20645400,C2H2
AET6Gv20650300,AP2/ERF-ERF
AET6Gv20657000,C2H2
AET6Gv20657600,GARP-G2-like
AET6Gv20658900,C2C2-Dof
AET6Gv20659700,HB-HD-ZIP
AET6Gv20690900,TUB
AET2Gv20983400,MYB
AET6Gv20736600,Tify
AET6Gv20758400,bHLH
AET6Gv20759000,TCP
AET2Gv20987800,MYB
AET6Gv20786000,MYB
AET6Gv20786900,AP2/ERF-ERF
AET6Gv20812100,GeBP
AET6Gv20823500,C2H2
AET6Gv20833700,MADS-M-type
AET6Gv20921600,C2C2-GATA
AET6Gv20929600,NAC
AET6Gv20941600,GARP-G2-like
AET6Gv20973900,FAR1
AET7Gv20036400,B3
AET2Gv21082200,B3-ARF
AET7Gv20107900,GRF
AET7Gv20160500,BBR-BPC
AET7Gv20283000,MYB-related
AET7Gv20319600,bHLH
AET7Gv20325300,C2H2
AET7Gv20330600,MYB
AET7Gv20344200,MYB-related
AET7Gv20370400,AP2/ERF-ERF
AET2Gv21082400,B3-ARF
AET7Gv20399300,bHLH
AET7Gv20433900,GRF
AET7Gv20464300,B3
AET7Gv20520900,C2C2-CO-like
AET2Gv21111100,AP2/ERF-AP2
AET7Gv20563500,C2H2
AET7Gv20569700,bHLH
AET7Gv20605000,SBP
AET7Gv20629600,bHLH
AET7Gv20657200,bZIP
AET7Gv20714300,WRKY
AET7Gv20749500,MYB-related
AET7Gv20789500,FAR1
AET7Gv20811200,NAC
AET7Gv20854800,MADS-M-type
AET7Gv20860400,WRKY
AET7Gv20864900,GARP-G2-like
AET7Gv20873400,DBP
AET7Gv20934700,AP2/ERF-ERF
AET7Gv20959400,MADS-M-type
AET7Gv20967500,FAR1
AET7Gv21026500,AP2/ERF-ERF
AET7Gv21131400,C3H
AET7Gv21135700,NAC
AET7Gv21166000,NF-YC
AET7Gv21180100,AP2/ERF-ERF
AET7Gv21190000,bZIP
AET7Gv21206500,SBP
AET2Gv21114900,MYB
AET7Gv21306500,C2H2
AET7Gv21336100,FAR1
AET7Gv21361600,NAC
AET0Gv20164400,C2H2
AET1Gv20041200,C2H2
AET1Gv20088600,C2H2
AET2Gv21131900,AP2/ERF-AP2
AET1Gv20123700,FAR1
AET1Gv20148500,C2H2
AET1Gv20359900,E2F-DP
AET1Gv20426900,C2C2-YABBY
AET1Gv20434300,LIM
AET2Gv21208300,MYB
AET1Gv20502800,bHLH
AET1Gv20503500,HB-HD-ZIP
AET1Gv20540400,STAT
AET1Gv20544800,Trihelix
AET1Gv20619300,SBP
AET1Gv20624900,GARP-G2-like
AET1Gv20669700,MYB
AET1Gv20706400,LOB
AET1Gv20717600,WRKY
AET1Gv20720000,B3
AET1Gv20732100,GARP-G2-like
AET1Gv20734800,NF-YC
AET1Gv20749000,AP2/ERF-ERF
AET1Gv20749900,MYB-related
AET1Gv20760500,GRAS
AET1Gv20790700,CPP
AET1Gv20794000,FAR1
AET1Gv20795000,FAR1
AET1Gv20809800,CPP
AET1Gv20812200,OFP
AET2Gv21226700,MYB
AET1Gv20830700,C2H2
AET1Gv20831500,WRKY
AET1Gv20865000,MYB-related
AET3Gv20069200,MYB
AET1Gv20891900,AP2/ERF-ERF
AET1Gv20892200,AP2/ERF-ERF
AET1Gv20896200,AP2/ERF-RAV
AET3Gv20117800,AP2/ERF-RAV
AET3Gv20118000,AP2/ERF-RAV
AET1Gv20968200,MYB-related
AET1Gv20968700,MYB-related
AET1Gv20977100,WRKY
AET1Gv20977700,WRKY
AET1Gv20979900,GARP-G2-like
AET1Gv20989700,C2H2
AET1Gv21015000,CPP
AET1Gv21015100,CPP
AET1Gv21029100,FAR1
AET2Gv20002500,C2H2
AET2Gv20064400,FAR1
AET2Gv20067100,AP2/ERF-ERF
AET2Gv20067200,AP2/ERF-ERF
AET2Gv20080900,FAR1
AET2Gv20087000,WRKY
AET2Gv20107400,FAR1
AET3Gv20204200,MYB
AET2Gv20190800,GRAS
AET2Gv20204600,NAC
AET2Gv20254200,DDT
AET2Gv20292200,C3H
AET2Gv20294700,B3
AET2Gv20314000,MYB-related
AET2Gv20338100,CAMTA
AET2Gv20401500,HB-other
AET2Gv20420500,C3H
AET2Gv20431000,B3
AET2Gv20431200,HSF
AET2Gv20435900,MYB
AET3Gv20236800,MYB
AET2Gv20588900,WRKY
AET3Gv20248000,HB-other
AET2Gv20623300,bHLH
AET2Gv20650500,Tify
AET2Gv20661100,FAR1
AET2Gv20664300,S1Fa-like
AET2Gv20684500,AP2/ERF-ERF
AET2Gv20722500,C2H2
AET2Gv20729900,EIL
AET2Gv20749000,MYB
AET2Gv20750900,WRKY
AET2Gv20756400,NAC
AET2Gv20760000,NAC
AET2Gv20779000,FAR1
AET2Gv20785300,DBB
AET3Gv20300900,MADS-MIKC
AET2Gv20819000,NAC
AET3Gv20424500,MYB
AET2Gv20860100,C2C2-YABBY
AET2Gv20880200,B3
AET2Gv20893200,HSF
AET2Gv20908300,bHLH
AET2Gv20915400,SBP
AET2Gv20919000,AP2/ERF-ERF
AET2Gv20919100,MYB
AET2Gv20922100,AP2/ERF-ERF
AET2Gv20925600,FAR1
AET2Gv20984900,C2H2
AET2Gv20991000,bHLH
AET2Gv21014700,GRAS
AET2Gv21015300,B3
AET2Gv21041100,bHLH
AET2Gv21076200,C3H
AET2Gv21079000,WRKY
AET2Gv21082600,B3
AET2Gv21105400,AP2/ERF-ERF
AET2Gv21232900,C2C2-Dof
AET2Gv21260400,FAR1
AET2Gv21275000,TUB
AET2Gv21289000,NAC
AET2Gv21289100,NAC
AET2Gv21305000,C2C2-GATA
AET3Gv20014400,bHLH
AET3Gv20162600,HB-WOX
AET3Gv20171800,NAC
AET3Gv20199900,LOB
AET3Gv20222500,NF-YC
AET3Gv20225700,GeBP
AET3Gv20229400,bHLH
AET3Gv20230700,C2H2
AET3Gv20233700,MYB-related
AET3Gv20236200,NAC
AET3Gv20482900,MYB
AET3Gv20244700,WRKY
AET3Gv20244800,WRKY
AET3Gv20256000,Trihelix
AET3Gv20280500,C3H
AET3Gv20298900,BES1
AET3Gv20319500,B3
AET3Gv20382800,FAR1
AET3Gv20391200,GeBP
AET3Gv20402500,C3H
AET3Gv20509100,C3H
AET3Gv20511100,LOB
AET3Gv20531500,MYB-related
AET3Gv20562600,MYB
AET3Gv20569700,C3H
AET3Gv20586800,MYB-related
AET3Gv20598400,B3-ARF
AET3Gv20647100,NAC
AET3Gv20649300,Trihelix
AET3Gv20669400,HSF
AET3Gv20677300,B3
AET3Gv20682500,C2H2
AET3Gv20687800,AP2/ERF-ERF
AET3Gv20598900,C2H2
AET3Gv20612800,MYB
AET3Gv20701900,CPP
AET3Gv20745900,AP2/ERF-ERF
AET3Gv20746700,AP2/ERF-ERF
AET3Gv20773400,HB-WOX
AET3Gv20776500,WRKY
AET3Gv20777500,WRKY
AET3Gv20777800,WRKY
AET3Gv20809900,GRAS
AET3Gv20837800,OFP
AET3Gv20850900,C2H2
AET3Gv20872500,GRAS
AET3Gv20620500,MYB
AET3Gv20899400,NAC
AET3Gv20965200,MADS-M-type
AET3Gv20979600,bHLH
AET3Gv20980600,bHLH
AET3Gv21010300,HB-other
AET3Gv21055500,C2H2
AET3Gv21102300,FAR1
AET3Gv21242400,C2C2-Dof
AET3Gv20625600,MYB
AET3Gv20630400,AP2/ERF-RAV
AET4Gv20002000,AP2/ERF-ERF
AET4Gv20029000,Trihelix
AET4Gv20031600,bHLH
AET4Gv20038200,HB-BELL
AET3Gv20638700,MYB
AET4Gv20095600,CPP
AET4Gv20118400,bHLH
AET4Gv20143100,WRKY
AET4Gv20149300,GARP-G2-like
AET4Gv20165000,C2H2
AET4Gv20167400,bHLH
AET4Gv20169600,B3
AET4Gv20201300,MYB-related
AET4Gv20245700,OFP
AET4Gv20246100,B3
AET3Gv20652800,HB-PHD
AET4Gv20305500,MYB
AET4Gv20449500,OFP
AET4Gv20469800,bZIP
AET4Gv20502900,Trihelix
AET4Gv20521400,C2H2
AET4Gv20529200,C2C2-Dof
AET4Gv20549600,AP2/ERF-ERF
AET3Gv20676100,MADS-MIKC
AET4Gv20567200,LOB
AET4Gv20576500,HB-other
AET4Gv20590900,bHLH
AET4Gv20611300,MADS-MIKC
AET4Gv20637800,MYB
AET4Gv20646800,HB-other
AET4Gv20672100,OFP
AET4Gv20705700,FAR1
AET3Gv20689200,B3-ARF
AET4Gv20715000,C2H2
AET4Gv20721400,MYB
AET4Gv20744900,MYB
AET4Gv20745100,C2H2
AET4Gv20750300,C2H2
AET4Gv20750800,LOB
AET4Gv20751900,AP2/ERF-ERF
AET4Gv20758900,OFP
AET4Gv20787400,GRAS
AET3Gv20701000,HB-HD-ZIP
AET3Gv20808000,MYB
AET4Gv20837500,Tify
AET4Gv20856200,FAR1
AET4Gv20875300,bHLH
AET4Gv20881800,Trihelix
AET5Gv20005000,TCP
AET5Gv20018400,MYB-related
AET5Gv20089700,C2C2-YABBY
AET5Gv20123700,MYB-related
AET5Gv20142300,B3
AET5Gv20183600,GARP-G2-like
AET5Gv20185800,B3
AET5Gv20187500,C3H
AET5Gv20241500,bZIP
AET5Gv20252400,C3H
AET5Gv20275100,WRKY
AET5Gv20339300,Trihelix
AET5Gv20339700,bZIP
AET5Gv20345600,B3
AET5Gv20351900,DDT
AET3Gv20818000,HB-BELL
AET3Gv20820500,MYB
AET5Gv20372700,bZIP
AET5Gv20447600,C2H2
AET5Gv20460100,WRKY
AET5Gv20474900,C3H
AET5Gv20478400,AP2/ERF-ERF
AET5Gv20500700,Tify
AET5Gv20519300,Tify
AET5Gv20524700,AP2/ERF-ERF
AET5Gv20544800,WRKY
AET5Gv20548900,zf-HD
AET3Gv20825700,MYB
AET5Gv20568900,AP2/ERF-ERF
AET5Gv20586100,FAR1
AET5Gv20591500,bHLH
AET5Gv20622000,bHLH
AET5Gv20649700,MYB-related
AET5Gv20649900,MYB-related
AET3Gv20867800,GARP-ARR-B
AET5Gv20712000,bHLH
AET5Gv20713500,AP2/ERF-ERF
AET5Gv20715800,bZIP
AET5Gv20717200,TCP
AET5Gv20718900,AP2/ERF-ERF
AET5Gv20721500,AP2/ERF-ERF
AET5Gv20725500,HSF
AET5Gv20793000,WRKY
AET5Gv20873700,WRKY
AET5Gv20888400,bHLH
AET3Gv20879600,AP2/ERF-AP2
AET5Gv20915600,WRKY
AET5Gv20919800,WRKY
AET5Gv20930000,GARP-G2-like
AET5Gv20934200,AP2/ERF-AP2
AET5Gv20950600,FAR1
AET5Gv20989100,TCP
AET5Gv21013300,HSF
AET5Gv21023600,bHLH
AET5Gv21027100,WRKY
AET5Gv21083400,NAC
AET3Gv20908900,MADS-MIKC
AET3Gv20994900,B3-ARF
AET5Gv21105400,C2H2
AET5Gv21105800,C2H2
AET5Gv21106400,C2H2
AET5Gv21106500,C2H2
AET5Gv21106900,C2H2
AET5Gv21114300,B3
AET5Gv21144000,SBP
AET5Gv21148000,B3
AET5Gv21180900,FAR1
AET5Gv21211200,WRKY
AET5Gv21224500,MYB-related
AET5Gv21224700,WRKY
AET6Gv20061000,B3
AET6Gv20146800,NAC
AET6Gv20268100,RWP-RK
AET6Gv20292700,WRKY
AET6Gv20293900,bHLH
AET6Gv20310800,HB-HD-ZIP
AET6Gv20341500,AP2/ERF-AP2
AET6Gv20371100,DBB
AET3Gv21058700,MYB
AET6Gv20377400,WRKY
AET6Gv20420600,C3H
AET6Gv20421200,C3H
AET6Gv20426400,PLATZ
AET6Gv20435000,AP2/ERF-ERF
AET6Gv20454200,AP2/ERF-ERF
AET6Gv20463900,C2C2-GATA
AET6Gv20465500,bHLH
AET6Gv20523400,C2H2
AET6Gv20561300,B3
AET6Gv20571800,DBB
AET6Gv20591400,FAR1
AET6Gv20602400,MYB
AET6Gv20612700,FAR1
AET6Gv20650400,AP2/ERF-ERF
AET6Gv20664500,C3H
AET6Gv20666900,MYB-related
AET6Gv20668100,MADS-MIKC
AET6Gv20678300,MYB
AET6Gv20681900,WRKY
AET6Gv20685100,bHLH
AET6Gv20691200,bHLH
AET6Gv20698200,bHLH
AET6Gv20723400,NF-YB
AET6Gv20723900,C2C2-Dof
AET6Gv20813600,FAR1
AET6Gv20825100,GRF
AET6Gv20840000,AP2/ERF-ERF
AET6Gv20855800,EIL
AET6Gv20889000,AP2/ERF-ERF
AET6Gv20934400,AP2/ERF-ERF
AET6Gv20977900,C2H2
AET6Gv20997600,TCP
AET6Gv21013800,HB-other
AET7Gv20017500,NAC
AET7Gv20054700,B3
AET7Gv20087800,FAR1
AET7Gv20253000,WRKY
AET7Gv20281500,MADS-M-type
AET7Gv20288900,WRKY
AET7Gv20313900,MADS-M-type
AET7Gv20325500,AP2/ERF-ERF
AET7Gv20328000,FAR1
AET7Gv20344000,MYB-related
AET7Gv20364100,DBP
AET3Gv21248100,MYB
AET7Gv20442500,AP2/ERF-ERF
AET7Gv20444300,bZIP
AET7Gv20449800,GRAS
AET4Gv20042400,Tify
AET4Gv20120200,HB-KNOX
AET7Gv20466800,AP2/ERF-ERF
AET7Gv20477700,bHLH
AET7Gv20478200,TCP
AET7Gv20492900,LIM
AET7Gv20511600,Tify
AET7Gv20512500,Tify
AET7Gv20522500,SBP
AET7Gv20535300,C2C2-Dof
AET7Gv20547200,C2C2-CO-like
AET7Gv20549900,FAR1
AET7Gv20592300,WRKY
AET7Gv20612200,SBP
AET4Gv20133900,Tify
AET7Gv20639300,MADS-M-type
AET7Gv20646700,bHLH
AET7Gv20655300,bZIP
AET7Gv20660900,HSF
AET7Gv20747500,C3H
AET7Gv20748800,NAC
AET4Gv20198100,MYB
AET4Gv20220200,MYB
AET7Gv20773300,C2C2-LSD
AET7Gv20800400,FAR1
AET7Gv20819000,B3
AET7Gv20851700,NAC
AET7Gv20857300,NF-YC
AET7Gv20911700,BES1
AET7Gv20936600,GRAS
AET4Gv20240700,HB-BELL
AET7Gv20946200,FAR1
AET7Gv21019000,bHLH
AET7Gv21052500,AP2/ERF-ERF
AET7Gv21092100,B3
AET7Gv21128500,B3
AET7Gv21138600,FAR1
AET7Gv21167800,B3-ARF
AET7Gv21205900,SBP
AET7Gv21247000,WRKY
AET7Gv21307300,bZIP
AET7Gv21351500,MADS-M-type
AET0Gv20084400,NAC
AET0Gv20093100,NAC
AET0Gv20100400,bHLH
AET0Gv20102900,bHLH
AET0Gv20124400,TCP
AET1Gv20088700,C2H2
AET1Gv20131800,HB-WOX
AET1Gv20166400,CPP
AET1Gv20176300,C3H
AET1Gv20178300,WRKY
AET4Gv20265800,MYB
AET1Gv20191400,B3
AET1Gv20192000,MYB
AET1Gv20204300,bHLH
AET1Gv20261200,MYB
AET1Gv20275200,Alfin-like
AET1Gv20288700,C3H
AET1Gv20395900,B3
AET1Gv20452300,GRAS
AET1Gv20531300,GRAS
AET1Gv20550700,AP2/ERF-ERF
AET1Gv20553800,AP2/ERF-ERF
AET1Gv20554200,LOB
AET1Gv20589000,SRS
AET1Gv20635200,CSD
AET1Gv20652900,FAR1
AET1Gv20655000,AP2/ERF-ERF
AET1Gv20656700,bZIP
AET1Gv20662700,OFP
AET1Gv20665000,C2H2
AET1Gv20690000,NF-YB
AET1Gv20715800,OFP
AET1Gv20739200,bZIP
AET1Gv20802600,TCP
AET1Gv20805200,C2C2-Dof
AET1Gv20805700,Trihelix
AET1Gv20807200,VOZ
AET1Gv20817600,C2C2-GATA
AET1Gv20866400,WRKY
AET1Gv20879200,NAC
AET4Gv20303900,MYB
AET1Gv20928800,OFP
AET1Gv20944300,B3
AET1Gv20948500,AP2/ERF-ERF
AET1Gv20975400,bZIP
AET1Gv20980900,NF-YB
AET1Gv20991800,C2C2-GATA
AET1Gv20996800,MYB
AET1Gv20999800,WRKY
AET1Gv21014900,CPP
AET1Gv21027600,Trihelix
AET1Gv21049900,C2H2
AET2Gv20066300,AP2/ERF-ERF
AET2Gv20084200,FAR1
AET2Gv20147000,MYB-related
AET2Gv20201500,GARP-G2-like
AET2Gv20201800,C2C2-Dof
AET2Gv20211300,WRKY
AET2Gv20216600,C2H2
AET2Gv20234400,C3H
AET4Gv20475400,AP2/ERF-AP2
AET4Gv20488400,MYB
AET2Gv20286300,FAR1
AET2Gv20290600,bZIP
AET2Gv20295300,CSD
AET2Gv20385100,GRAS
AET2Gv20389900,HRT
AET2Gv20398400,WRKY
AET2Gv20403100,BES1
AET2Gv20407300,AP2/ERF-ERF
AET2Gv20417500,C2H2
AET2Gv20429400,FAR1
AET2Gv20447400,bHLH
AET2Gv20498600,FAR1
AET2Gv20509100,CAMTA
AET2Gv20560700,C2C2-YABBY
AET2Gv20610300,bHLH
AET2Gv20611200,bHLH
AET2Gv20700200,B3-ARF
AET2Gv20716700,OFP
AET2Gv20737000,NAC
AET4Gv20558800,FAR1
AET2Gv20755400,NAC
AET2Gv20761000,NAC
AET2Gv20790500,bZIP
AET4Gv20565800,MYB
AET4Gv20594600,AP2/ERF-AP2
AET4Gv20599200,GARP-ARR-B
AET2Gv20836200,AP2/ERF-ERF
AET2Gv20853000,NAC
AET2Gv20875200,WRKY
AET2Gv20882500,GRAS
AET2Gv20889100,AP2/ERF-ERF
AET2Gv20892300,HB-HD-ZIP
AET2Gv20957400,WRKY
AET2Gv20964200,GRF
AET2Gv20987100,MYB
AET4Gv20607600,MADS-MIKC
AET2Gv20989500,PLATZ
AET2Gv21031600,bZIP
AET2Gv21048800,B3
AET2Gv21102800,SBP
AET4Gv20683900,HB-BELL
AET2Gv21175700,bZIP
AET2Gv21233300,CPP
AET2Gv21233500,C2C2-Dof
AET2Gv21307600,NAC
AET3Gv20058200,WRKY
AET4Gv20709500,AP2/ERF-AP2
AET3Gv20222600,B3
AET3Gv20227000,FAR1
AET3Gv20235900,C3H
AET3Gv20254200,C2H2
AET3Gv20255300,WRKY
AET3Gv20255700,Trihelix
AET3Gv20263100,HB-other
AET3Gv20303300,AP2/ERF-ERF
AET3Gv20303600,HB-HD-ZIP
AET3Gv20316100,TCP
AET3Gv20318500,bZIP
AET3Gv20347500,MYB
AET3Gv20358000,NAC
AET3Gv20369300,GARP-G2-like
AET3Gv20428200,C2C2-Dof
AET3Gv20523400,MYB-related
AET3Gv20554200,WRKY
AET3Gv20598500,NAC
AET4Gv20719700,FAR1
AET4Gv20727600,MADS-MIKC
AET3Gv20646100,NAC
AET3Gv20671200,WRKY
AET3Gv20678800,MYB
AET3Gv20688500,VOZ
AET3Gv20697000,C2C2-Dof
AET3Gv20720500,LOB
AET3Gv20757200,bZIP
AET3Gv20773000,FAR1
AET3Gv20776400,WRKY
AET3Gv20793700,C3H
AET3Gv20799300,C2H2
AET3Gv20813700,GARP-G2-like
AET3Gv20831700,bZIP
AET3Gv20837600,OFP
AET3Gv20844200,TUB
AET3Gv20867700,B3
AET3Gv20922300,C2H2
AET3Gv20927800,C2H2
AET3Gv20965000,MADS-M-type
AET3Gv20992000,zf-HD
AET3Gv21026400,B3
AET3Gv21077800,FAR1
AET3Gv21092600,C2H2
AET3Gv21103400,B3
AET3Gv21109100,NAC
AET3Gv21185500,FAR1
AET4Gv20032300,bHLH
AET4Gv20048600,CPP
AET4Gv20068900,C3H
AET4Gv20092400,C2C2-CO-like
AET4Gv20104500,zf-HD
AET4Gv20105300,bHLH
AET4Gv20804200,MYB
AET4Gv20149200,NAC
AET4Gv20166100,LOB
AET4Gv20168800,B3
AET4Gv20181900,Alfin-like
AET4Gv20194000,TCP
AET4Gv20808200,HB-KNOX
AET4Gv20809300,MADS-MIKC
AET4Gv20211400,B3
AET4Gv20238700,GRAS
AET5Gv20004700,MADS-MIKC
AET4Gv20245300,OFP
AET4Gv20247700,FAR1
AET4Gv20275400,DDT
AET4Gv20282200,GARP-G2-like
AET4Gv20288300,GRAS
AET4Gv20289300,GRAS
AET4Gv20320500,WRKY
AET4Gv20459200,NAC
AET4Gv20462200,EIL
AET4Gv20464700,WRKY
AET4Gv20484400,bZIP
AET4Gv20510100,LOB
AET4Gv20511900,FAR1
AET4Gv20544000,LIM
AET5Gv20118800,B3-ARF
AET4Gv20579600,C2H2
AET4Gv20583000,BBR-BPC
AET4Gv20647700,OFP
AET4Gv20655700,FAR1
AET4Gv20717600,Tify
AET4Gv20718100,Tify
AET5Gv20228500,MYB
AET4Gv20723400,AP2/ERF-ERF
AET5Gv20238300,MYB
AET4Gv20740900,C2C2-GATA
AET4Gv20755000,bHLH
AET4Gv20766600,WRKY
AET4Gv20780200,bHLH
AET4Gv20809900,bHLH
AET4Gv20815000,NAC
AET4Gv20839700,MYB
AET4Gv20841000,GRAS
AET4Gv20847300,C2C2-GATA
AET4Gv20864300,HSF
AET5Gv20023100,HB-BELL
AET5Gv20093600,FAR1
AET5Gv20095400,FAR1
AET5Gv20103700,TCP
AET5Gv20149200,bHLH
AET5Gv20185600,B3
AET5Gv20187900,B3
AET5Gv20188100,B3
AET5Gv20188700,B3
AET5Gv20251700,MYB
AET5Gv20254200,FAR1
AET5Gv20310200,C3H
AET5Gv20312500,C2H2
AET5Gv20342800,E2F-DP
AET5Gv20371600,zf-HD
AET5Gv20372600,NAC
AET5Gv20437000,C2H2
AET5Gv20496900,GARP-G2-like
AET5Gv20525700,FAR1
AET5Gv20560500,C2H2
AET5Gv20579500,bHLH
AET5Gv20580000,NAC
AET5Gv20581500,zf-HD
AET5Gv20590600,C2H2
AET5Gv20624900,SBP
AET5Gv20650100,MYB-related
AET5Gv20692800,AP2/ERF-ERF
AET5Gv20719600,AP2/ERF-ERF
AET5Gv20719800,AP2/ERF-ERF
AET5Gv20721200,AP2/ERF-ERF
AET5Gv20721800,AP2/ERF-ERF
AET5Gv20306200,MADS-MIKC
AET5Gv20760000,HB-HD-ZIP
AET5Gv20775800,NAC
AET5Gv20805500,RWP-RK
AET5Gv20828100,C2H2
AET5Gv20846900,C2H2
AET5Gv20874300,NF-YA
AET5Gv20889700,WRKY
AET5Gv20900700,AP2/ERF-ERF
AET5Gv20927600,bHLH
AET5Gv20328000,MYB
AET5Gv20989900,AP2/ERF-ERF
AET5Gv21014600,B3
AET5Gv21069000,NAC
AET5Gv21086400,NAC
AET5Gv21105500,C2H2
AET5Gv21105600,C2H2
AET5Gv21107000,C2H2
AET5Gv21112000,GRAS
AET5Gv21135800,C2C2-GATA
AET5Gv21147300,B3
AET5Gv21191900,NAC
AET6Gv20016700,GARP-G2-like
AET6Gv20084800,OFP
AET6Gv20111900,bHLH
AET6Gv20120600,GRAS
AET6Gv20131600,AP2/ERF-ERF
AET6Gv20206500,MYB-related
AET6Gv20281500,NAC
AET5Gv20369900,AP2/ERF-AP2
AET6Gv20356800,C3H
AET6Gv20388100,C2C2-CO-like
AET6Gv20396900,GARP-G2-like
AET6Gv20434900,AP2/ERF-ERF
AET6Gv20452600,bZIP
AET6Gv20507100,C2H2
AET6Gv20524300,bHLH
AET6Gv20555600,AP2/ERF-ERF
AET6Gv20601300,MYB
AET6Gv20606300,B3-ARF
AET6Gv20614000,TCP
AET6Gv20616400,AP2/ERF-ERF
AET6Gv20619000,LIM
AET5Gv20371200,MYB
AET5Gv20500400,MYB
AET6Gv20622000,NAC
AET6Gv20668700,B3
AET6Gv20676200,PLATZ
AET6Gv20691500,MYB-related
AET6Gv20692000,zf-HD
AET6Gv20693000,C2C2-Dof
AET6Gv20731200,HB-HD-ZIP
AET6Gv20735000,C2C2-CO-like
AET6Gv20735200,NAC
AET6Gv20770700,E2F-DP
AET6Gv20798500,HB-HD-ZIP
AET6Gv20804100,WRKY
AET6Gv20824200,NF-YA
AET6Gv20840700,C3H
AET6Gv20851600,AP2/ERF-ERF
AET6Gv20914100,FAR1
AET6Gv20954100,AP2/ERF-ERF
AET6Gv20957000,MYB-related
AET6Gv20969900,FAR1
AET7Gv20042500,B3
AET7Gv20103100,FAR1
AET7Gv20127900,GRAS
AET7Gv20232600,B3
AET7Gv20279900,TCP
AET7Gv20312900,FAR1
AET7Gv20313600,MADS-MIKC
AET7Gv20343000,MYB-related
AET7Gv20374800,bHLH
AET7Gv20403000,AP2/ERF-ERF
AET7Gv20439200,HB-other
AET7Gv20439300,HB-other
AET7Gv20450600,GRAS
AET5Gv20528500,MYB
AET7Gv20482300,MYB-related
AET7Gv20495800,NAC
AET7Gv20512600,Tify
AET7Gv20521800,bZIP
AET7Gv20560700,C3H
AET7Gv20563800,C2H2
AET7Gv20587000,NF-YC
AET7Gv20600000,C2H2
AET7Gv20606700,MYB-related
AET7Gv20618600,AP2/ERF-ERF
AET7Gv20633700,MYB-related
AET7Gv20647500,AP2/ERF-ERF
AET7Gv20672300,C2H2
AET7Gv20679900,PLATZ
AET7Gv20792500,NAC
AET7Gv20794200,MADS-MIKC
AET7Gv20826100,NAC
AET7Gv20891500,FAR1
AET7Gv20905600,NAC
AET7Gv20956100,B3
AET7Gv20978500,C3H
AET7Gv20982400,C2H2
AET7Gv20984100,C2H2
AET7Gv20997400,GARP-G2-like
AET7Gv21005000,C3H
AET7Gv21006000,C2H2
AET7Gv21008500,GARP-G2-like
AET5Gv20535200,AP2/ERF-AP2
AET7Gv21018300,bZIP
AET7Gv21022100,Tify
AET7Gv21089200,FAR1
AET7Gv21156500,GARP-G2-like
AET7Gv21157200,MYB-related
AET7Gv21166800,FAR1
AET7Gv21174100,PLATZ
AET7Gv21218200,B3
AET7Gv21233200,C2H2
AET7Gv21268300,NF-X1
AET5Gv20549600,MYB
AET7Gv21282100,MYB
AET5Gv20550700,HB-HD-ZIP
AET5Gv20667800,MADS-MIKC
AET7Gv21309400,bHLH
AET7Gv21320300,NAC
AET7Gv21334900,MYB-related
AET7Gv21362400,FAR1
AET0Gv20002000,C2C2-YABBY
AET0Gv20003800,NAC
AET0Gv20019900,C2H2
AET0Gv20061900,FAR1
AET0Gv20064600,GARP-G2-like
AET0Gv20122000,AP2/ERF-ERF
AET1Gv20004400,FAR1
AET1Gv20007900,NAC
AET1Gv20087000,B3
AET5Gv20678900,MYB
AET1Gv20153400,LOB
AET1Gv20153900,FAR1
AET1Gv20169600,PLATZ
AET5Gv20712800,MYB
AET1Gv20177700,Trihelix
AET1Gv20229700,bHLH
AET1Gv20230500,NAC
AET1Gv20253300,C2C2-GATA
AET5Gv20724700,HB-HD-ZIP
AET1Gv20537600,bHLH
AET1Gv20548900,MYB-related
AET1Gv20564400,NAC
AET1Gv20595700,AP2/ERF-ERF
AET1Gv20623900,bZIP
AET1Gv20634200,NAC
AET5Gv20737200,MYB
AET1Gv20644200,NAC
AET1Gv20657700,MYB-related
AET1Gv20661900,C2C2-Dof
AET1Gv20662800,OFP
AET5Gv20759100,MYB
AET5Gv20910900,MADS-MIKC
AET1Gv20709800,WRKY
AET1Gv20722600,GRAS
AET1Gv20731000,FAR1
AET1Gv20767000,FAR1
AET1Gv20847900,NF-YC
AET1Gv20871600,MYB-related
AET1Gv20874100,FAR1
AET1Gv20892000,AP2/ERF-ERF
AET1Gv20898700,HB-HD-ZIP
AET1Gv20904100,HSF
AET1Gv20953900,AP2/ERF-ERF
AET1Gv20971600,MYB
AET1Gv20984100,GRAS
AET1Gv20994200,MYB-related
AET1Gv20994400,MYB-related
AET1Gv21049100,C3H
AET2Gv20017400,C3H
AET2Gv20070600,WRKY
AET2Gv20082900,TCP
AET2Gv20115800,NAC
AET2Gv20168500,HSF
AET2Gv20170800,C2H2
AET2Gv20195300,bZIP
AET2Gv20202900,NAC
AET2Gv20211400,WRKY
AET2Gv20212500,bZIP
AET2Gv20220500,AP2/ERF-ERF
AET2Gv20243600,bHLH
AET2Gv20244100,TUB
AET2Gv20285200,bZIP
AET5Gv20935000,MYB
AET5Gv20935400,HB-KNOX
AET2Gv20358200,Alfin-like
AET2Gv20423400,NAC
AET2Gv20565800,Tify
AET2Gv20566900,TCP
AET2Gv20694500,NAC
AET2Gv20696100,C3H
AET2Gv20696900,DDT
AET5Gv21045000,MYB
AET2Gv20774300,Trihelix
AET2Gv20808700,NAC
AET2Gv20810400,NF-YB
AET5Gv21097800,AP2/ERF-AP2
AET2Gv20868600,HB-HD-ZIP
AET2Gv20877800,AP2/ERF-ERF
AET2Gv20884900,OFP
AET2Gv20898300,RWP-RK
AET2Gv20918900,AP2/ERF-ERF
AET2Gv20921800,AP2/ERF-ERF
AET6Gv20025600,MADS-MIKC
AET6Gv20290900,B3-ARF
AET2Gv20987400,MYB
AET2Gv21076400,GARP-G2-like
AET6Gv20304300,HB-PHD
AET2Gv21100600,FAR1
AET2Gv21131600,HB-WOX
AET2Gv21135500,bHLH
AET2Gv21146800,C2C2-GATA
AET3Gv20005100,bHLH
AET3Gv20040900,NF-YB
AET3Gv20076800,AP2/ERF-ERF
AET3Gv20233600,GARP-G2-like
AET3Gv20234600,C2C2-Dof
AET3Gv20253800,NF-YC
AET3Gv20271400,GARP-G2-like
AET3Gv20336100,AP2/ERF-ERF
AET3Gv20417300,C3H
AET3Gv20431600,bZIP
AET3Gv20509600,C2H2
AET3Gv20545900,C3H
AET3Gv20549100,MYB-related
AET3Gv20556700,WRKY
AET3Gv20561600,zf-HD
AET3Gv20581300,WRKY
AET6Gv20307300,Tify
AET6Gv20331700,AP2/ERF-AP2
AET3Gv20600800,Trihelix
AET6Gv20356400,B3-ARF
AET3Gv20670000,OFP
AET3Gv20683300,HSF
AET3Gv20734300,ULT
AET3Gv20788900,bHLH
AET3Gv20805900,HB-WOX
AET6Gv20374600,HB-KNOX
AET3Gv20841800,C2C2-Dof
AET3Gv20872800,GRAS
AET3Gv20879000,bHLH
AET3Gv20902000,Alfin-like
AET3Gv20905900,HSF
AET3Gv20960100,SBP
AET3Gv20979200,B3-ARF
AET3Gv21015000,C2H2
AET3Gv21015300,NF-YB
AET3Gv21103500,B3
AET3Gv21108800,NAC
AET3Gv21110100,GRAS
AET3Gv21147300,LOB
AET3Gv21257600,C2C2-Dof
AET3Gv21257900,C2C2-GATA
AET4Gv20002800,LOB
AET4Gv20004200,AP2/ERF-ERF
AET4Gv20024800,WRKY
AET4Gv20032100,bHLH
AET4Gv20034000,GRF
AET4Gv20067900,NF-YA
AET4Gv20082700,GeBP
AET4Gv20108900,MYB
AET4Gv20130100,HB-BELL
AET4Gv20149900,B3
AET4Gv20152300,B3
AET4Gv20175000,RWP-RK
AET4Gv20223400,FAR1
AET4Gv20246800,bZIP
AET4Gv20257000,WRKY
AET4Gv20257700,AP2/ERF-ERF
AET6Gv20375700,GARP-ARR-B
AET4Gv20278300,bZIP
AET4Gv20460500,HB-WOX
AET4Gv20460600,GARP-G2-like
AET4Gv20471800,MYB-related
AET6Gv20438800,MYB
AET4Gv20583500,C2H2
AET4Gv20584600,MYB
AET4Gv20598800,HSF
AET4Gv20656100,GRAS
AET4Gv20658300,AP2/ERF-ERF
AET4Gv20698900,bHLH
AET4Gv20730800,bHLH
AET4Gv20732900,HB-HD-ZIP
AET4Gv20738900,bHLH
AET4Gv20739800,FAR1
AET4Gv20753100,C2H2
AET4Gv20765700,MYB
AET4Gv20770900,AP2/ERF-RAV
AET4Gv20787300,GRAS
AET4Gv20802300,GRAS
AET4Gv20806600,C2H2
AET4Gv20807900,HB-BELL
AET4Gv20808800,LOB
AET4Gv20843600,C2H2
AET4Gv20876700,NAC
AET5Gv20004600,MADS-M-type
AET5Gv20048200,GeBP
AET5Gv20065300,bZIP
AET5Gv20073700,C2C2-GATA
AET6Gv20486800,MYB
AET5Gv20132700,HB-HD-ZIP
AET5Gv20167200,OFP
AET5Gv20168700,bZIP
AET5Gv20210400,C2H2
AET6Gv20580900,DBB
AET5Gv20276300,C2H2
AET6Gv20589900,AP2/ERF-AP2
AET5Gv20316800,bZIP
AET5Gv20335100,TCP
AET5Gv20343400,OFP
AET5Gv20354600,GRAS
AET5Gv20372500,NAC
AET5Gv20375300,GRAS
AET5Gv20389900,LOB
AET5Gv20396700,C2C2-Dof
AET5Gv20444600,GARP-G2-like
AET5Gv20446000,bZIP
AET5Gv20450700,AP2/ERF-ERF
AET5Gv20487900,HB-HD-ZIP
AET6Gv20593600,MYB
AET6Gv20619200,MYB
AET5Gv20538400,C2H2
AET5Gv20544500,WRKY
AET5Gv20545300,bHLH
AET5Gv20566700,bZIP
AET5Gv20568200,HSF
AET5Gv20594200,C2C2-Dof
AET5Gv20623800,EIL
AET5Gv20661300,LOB
AET6Gv20619800,MYB
AET5Gv20691500,B3
AET5Gv20700600,bZIP
AET5Gv20764000,bZIP
AET5Gv20800600,C2H2
AET5Gv20843500,B3
AET5Gv20942900,GRAS
AET5Gv20977800,bHLH
AET5Gv21004700,C2H2
AET5Gv21039000,DDT
AET5Gv21060200,FAR1
AET5Gv21064800,FAR1
AET5Gv21069900,bZIP
AET5Gv21072700,MADS-M-type
AET5Gv21097400,Alfin-like
AET5Gv21106100,C2H2
AET5Gv21125900,C3H
AET5Gv21147100,B3
AET5Gv21213200,AP2/ERF-ERF
AET5Gv21235600,NF-YC
AET6Gv20011100,NAC
AET6Gv20144600,FAR1
AET6Gv20173700,CSD
AET6Gv20178800,bHLH
AET6Gv20239100,C2H2
AET6Gv20726800,DBB
AET6Gv20311200,HB-other
AET6Gv20332200,C2H2
AET6Gv20395200,bZIP
AET6Gv20421300,C3H
AET6Gv20733800,MADS-MIKC
AET6Gv20545200,FAR1
AET6Gv20737100,MYB
AET6Gv20600800,MYB
AET6Gv20630900,WRKY
AET6Gv20644200,PLATZ
AET6Gv20689300,FAR1
AET6Gv20727700,bZIP
AET6Gv20758700,AP2/ERF-AP2
AET6Gv20749400,AP2/ERF-ERF
AET6Gv20777500,bHLH
AET6Gv20774100,MADS-MIKC
AET6Gv20824100,bHLH
AET6Gv20851500,AP2/ERF-ERF
AET6Gv20886200,MADS-M-type
AET6Gv20886900,GARP-ARR-B
AET6Gv20899100,B3
AET6Gv20919600,bHLH
AET6Gv20957700,NAC
AET7Gv20124900,AP2/ERF-ERF
AET7Gv20162500,NAC
AET7Gv20219600,HB-HD-ZIP
AET7Gv20274700,DBB
AET7Gv20421800,C2H2
AET7Gv20441400,GeBP
AET7Gv20464500,MYB-related
AET7Gv20502700,E2F-DP
AET7Gv20512800,Tify
AET6Gv20786200,MYB
AET7Gv20523000,NAC
AET7Gv20530000,bHLH
AET7Gv20538400,NF-YB
AET7Gv20539600,HB-other
AET7Gv20554600,C2H2
AET7Gv20577400,MYB-related
AET7Gv20604200,EIL
AET7Gv20615500,MYB
AET7Gv20637900,SBP
AET7Gv20644900,NAC
AET7Gv20699300,NAC
AET7Gv20759900,MYB-related
AET7Gv20812000,TUB
AET7Gv20824100,bHLH
AET7Gv20834300,GARP-G2-like
AET7Gv20839300,MADS-M-type
AET7Gv20868600,HB-other
AET7Gv20893200,C2C2-GATA
AET7Gv20904300,HB-BELL
AET7Gv21122900,MYB
AET7Gv21131200,B3-ARF
AET7Gv21180900,GARP-G2-like
AET7Gv21215800,C2H2
AET6Gv20857100,MYB
AET7Gv20051600,MYB
AET7Gv21260800,C2H2
AET7Gv21287000,bZIP
AET7Gv21346300,MADS-M-type
AET0Gv20091300,AP2/ERF-ERF
AET1Gv20008400,MYB
AET1Gv20022600,FAR1
AET1Gv20033700,C3H
AET1Gv20146400,FAR1
AET7Gv20281300,MADS-MIKC
AET1Gv20205100,MYB
AET1Gv20230200,NAC
AET1Gv20276000,bHLH
AET1Gv20278600,LOB
AET7Gv20313500,MYB
AET7Gv20371700,GARP-ARR-B
AET1Gv20415800,C2H2
AET1Gv20510000,WRKY
AET7Gv20372000,GARP-ARR-B
AET1Gv20536000,C2H2
AET1Gv20573600,FAR1
AET7Gv20434200,MYB
AET1Gv20663100,MYB-related
AET1Gv20693600,bHLH
AET1Gv20717800,WRKY
AET1Gv20717900,WRKY
AET1Gv20726900,bZIP
AET1Gv20769300,FAR1
AET1Gv20794200,FAR1
AET1Gv20794600,AP2/ERF-ERF
AET1Gv20805000,TUB
AET1Gv20814200,FAR1
AET1Gv20830900,C2H2
AET1Gv20851900,NF-YC
AET7Gv20455800,MADS-MIKC
AET1Gv20866800,WRKY
AET1Gv20896600,AP2/ERF-RAV
AET1Gv20897500,MYB
AET7Gv20464400,MYB
AET1Gv20967600,WRKY
AET1Gv20968000,MYB-related
AET1Gv20985100,C3H
AET1Gv20990900,C3H
AET1Gv20994100,MYB-related
AET1Gv21002200,WRKY
AET1Gv21016600,FAR1
AET2Gv20007000,C2H2
AET2Gv20052300,E2F-DP
AET2Gv20066400,AP2/ERF-ERF
AET2Gv20092100,NAC
AET2Gv20192900,MYB
AET2Gv20204900,NAC
AET2Gv20206100,C3H
AET2Gv20212300,B3
AET2Gv20247400,CPP
AET2Gv20252000,MADS-M-type
AET2Gv20300000,MADS-M-type
AET2Gv20310400,C2H2
AET2Gv20311600,GeBP
AET2Gv20313900,MYB
AET2Gv20334900,WRKY
AET2Gv20352600,Tify
AET2Gv20363000,MADS-MIKC
AET2Gv20379300,WRKY
AET2Gv20384300,FAR1
AET2Gv20385300,LOB
AET2Gv20385800,bHLH
AET2Gv20387600,FAR1
AET2Gv20398900,GRAS
AET2Gv20422100,GRAS
AET2Gv20458400,bHLH
AET2Gv20483700,C2C2-Dof
AET7Gv20519300,MYB
AET2Gv20502300,bZIP
AET2Gv20513200,DDT
AET2Gv20530300,FAR1
AET2Gv20573300,bHLH
AET2Gv20600900,C2H2
AET2Gv20637100,bHLH
AET2Gv20641600,MADS-M-type
AET2Gv20673700,E2F-DP
AET2Gv20688300,GRAS
AET2Gv20707400,NAC
AET2Gv20756100,NAC
AET2Gv20757800,FAR1
AET2Gv20759500,NAC
AET2Gv20763400,FAR1
AET2Gv20791400,RWP-RK
AET2Gv20806200,NAC
AET2Gv20869300,Trihelix
AET2Gv20893800,C2C2-Dof
AET2Gv20895700,C2H2
AET2Gv20919700,HB-HD-ZIP
AET2Gv20945400,AP2/ERF-ERF
AET2Gv20968500,GARP-G2-like
AET2Gv20979900,WRKY
AET2Gv20987500,MYB
AET2Gv20995900,FAR1
AET2Gv21023900,AP2/ERF-ERF
AET2Gv21027600,B3
AET2Gv21081100,C2H2
AET2Gv21113400,Tify
AET2Gv21149400,bHLH
AET2Gv21163500,bZIP
AET2Gv21165200,FAR1
AET2Gv21166400,FAR1
AET2Gv21175600,bZIP
AET2Gv21186600,AP2/ERF-ERF
AET2Gv21198700,C3H
AET2Gv21249500,OFP
AET2Gv21260300,B3
AET2Gv21286200,B3-ARF
AET2Gv21290100,bHLH
AET2Gv21309300,MYB-related
AET3Gv20004200,HB-HD-ZIP
AET3Gv20004800,bHLH
AET3Gv20057800,WRKY
AET3Gv20065200,MYB-related
AET3Gv20067100,FAR1
AET7Gv20553800,MYB
AET3Gv20151700,GRAS
AET3Gv20172300,NAC
AET3Gv20175000,DDT
AET7Gv20616800,B3-ARF
AET3Gv20226900,bHLH
AET3Gv20239400,MYB-related
AET7Gv20638300,MADS-MIKC
AET3Gv20251000,FAR1
AET3Gv20271200,BES1
AET3Gv20280200,C3H
AET3Gv20281900,bZIP
AET3Gv20297000,MADS-M-type
AET3Gv20330000,FAR1
AET3Gv20357900,B3
AET3Gv20362500,B3-ARF
AET3Gv20377900,NAC
AET3Gv20387300,RWP-RK
AET3Gv20401100,C3H
AET3Gv20410600,C2C2-Dof
AET3Gv20540100,C2C2-LSD
AET3Gv20555100,OFP
AET3Gv20562700,MYB
AET3Gv20567400,HB-HD-ZIP
AET3Gv20571400,GRAS
AET3Gv20590700,WRKY
AET3Gv20607000,B3
AET3Gv20617200,bHLH
AET3Gv20648500,TUB
AET3Gv20657900,C2C2-GATA
AET3Gv20684200,WRKY
AET3Gv20784500,WRKY
AET3Gv20793200,NF-YB
AET3Gv20800300,C2H2
AET3Gv20805500,HB-WOX
AET3Gv20823800,MYB-related
AET3Gv20833200,bZIP
AET3Gv20837100,MYB
AET3Gv20844700,bZIP
AET3Gv20846200,AP2/ERF-ERF
AET3Gv20856500,MYB
AET3Gv20874400,FAR1
AET3Gv20881200,EIL
AET3Gv20905200,B3
AET3Gv20907900,NAC
AET7Gv20739300,AP2/ERF-AP2
AET3Gv20912200,GRAS
AET3Gv20919100,FAR1
AET3Gv20977300,bHLH
AET3Gv21002700,FAR1
AET3Gv21067400,GARP-G2-like
AET3Gv21092500,C2H2
AET3Gv21102500,B3
AET3Gv21108900,NAC
AET3Gv21120300,FAR1
AET3Gv21141900,bHLH
AET3Gv21142300,bHLH
AET3Gv21160300,PLATZ
AET3Gv21242700,C2C2-Dof
AET3Gv21248600,MADS-M-type
AET4Gv20001800,AP2/ERF-ERF
AET4Gv20005600,C2H2
AET4Gv20012400,NF-YB
AET4Gv20032800,HB-KNOX
AET4Gv20034600,bZIP
AET4Gv20038300,HB-BELL
AET4Gv20052500,B3
AET4Gv20079600,TCP
AET4Gv20080100,GRAS
AET4Gv20112600,GRAS
AET4Gv20151400,B3
AET4Gv20155800,B3
AET4Gv20159000,C2H2
AET4Gv20163900,LOB
AET4Gv20184300,zf-HD
AET4Gv20185700,AP2/ERF-ERF
AET4Gv20213700,NAC
AET4Gv20235000,C2H2
AET4Gv20236700,TUB
AET4Gv20237100,Trihelix
AET4Gv20238800,bZIP
AET4Gv20264300,C3H
AET4Gv20273000,GRAS
AET4Gv20286900,C2H2
AET4Gv20301600,C2H2
AET4Gv20315400,MADS-M-type
AET4Gv20363800,NF-YC
AET4Gv20411900,GeBP
AET4Gv20416600,TUB
AET4Gv20451900,WRKY
AET4Gv20459600,NAC
AET4Gv20463900,bZIP
AET4Gv20502700,Trihelix
AET4Gv20513000,B3
AET4Gv20546200,C2H2
AET4Gv20549000,GRAS
AET4Gv20563900,NF-YC
AET4Gv20578100,MYB-related
AET4Gv20579400,bZIP
AET4Gv20594200,bHLH
AET7Gv20759800,MYB
AET4Gv20620700,B3
AET4Gv20621700,B3
AET4Gv20648700,C2H2
AET4Gv20655600,FAR1
AET4Gv20661800,FAR1
AET4Gv20676000,bHLH
AET4Gv20678400,HSF
AET4Gv20696000,C2C2-Dof
AET4Gv20704900,AP2/ERF-ERF
AET4Gv20735900,CAMTA
AET4Gv20745400,AP2/ERF-ERF
AET4Gv20759500,NAC
AET4Gv20770700,RWP-RK
AET4Gv20771100,AP2/ERF-RAV
AET4Gv20787200,GRAS
AET7Gv20769700,HB-HD-ZIP
AET4Gv20811400,B3
AET4Gv20816200,MADS-M-type
AET4Gv20824500,C2H2
AET4Gv20824900,SBP
AET4Gv20831300,LOB
AET4Gv20838200,bHLH
AET4Gv20843700,C2H2
AET5Gv20040600,bHLH
AET5Gv20045800,GeBP
AET5Gv20070200,C2H2
AET5Gv20132600,NF-YA
AET5Gv20148200,C2C2-LSD
AET5Gv20148400,NAC
AET5Gv20160200,CPP
AET5Gv20173900,WRKY
AET5Gv20177400,WRKY
AET5Gv20184000,B3
AET5Gv20185900,FAR1
AET5Gv20187800,B3
AET5Gv20190400,bHLH
AET5Gv20195300,GARP-G2-like
AET5Gv20218500,FAR1
AET5Gv20220500,GRAS
AET5Gv20225200,C2C2-Dof
AET5Gv20245100,B3
AET5Gv20256500,NAC
AET5Gv20273000,LIM
AET5Gv20332100,AP2/ERF-ERF
AET5Gv20338700,TUB
AET5Gv20343300,OFP
AET5Gv20346000,NAC
AET5Gv20366700,GRAS
AET5Gv20369300,bZIP
AET5Gv20372800,C3H
AET5Gv20379500,WRKY
AET5Gv20435800,bZIP
AET5Gv20486400,FAR1
AET5Gv20487000,bHLH
AET5Gv20527700,C2H2
AET5Gv20549200,zf-HD
AET5Gv20554700,bHLH
AET5Gv20565800,bHLH
AET5Gv20587500,HB-HD-ZIP
AET5Gv20591000,bZIP
AET5Gv20593500,bHLH
AET5Gv20603000,NF-YC
AET5Gv20618300,C2H2
AET5Gv20627100,C3H
AET5Gv20644000,NAC
AET5Gv20669400,B3
AET5Gv20712400,bHLH
AET5Gv20719000,AP2/ERF-ERF
AET5Gv20719100,AP2/ERF-ERF
AET5Gv20720000,AP2/ERF-ERF
AET5Gv20720400,AP2/ERF-ERF
AET5Gv20720800,AP2/ERF-ERF
AET5Gv20720900,AP2/ERF-ERF
AET5Gv20721600,AP2/ERF-ERF
AET5Gv20725200,AP2/ERF-ERF
AET5Gv20729700,HB-HD-ZIP
AET5Gv20733600,SRS
AET7Gv20848200,MYB
AET5Gv20820700,NAC
AET5Gv20838300,C2H2
AET5Gv20870200,C2C2-YABBY
AET5Gv20878100,HB-HD-ZIP
AET5Gv20898800,FAR1
AET5Gv20902700,B3
AET5Gv20925800,FAR1
AET5Gv20927300,C2H2
AET5Gv20928600,C2C2-Dof
AET5Gv20987500,FAR1
AET5Gv20988000,C3H
AET5Gv21020800,bZIP
AET5Gv21039800,bHLH
AET5Gv21064900,FAR1
AET5Gv21081800,bHLH
AET5Gv21104500,C2H2
AET5Gv21105700,C2H2
AET5Gv21155000,C2H2
AET5Gv21177400,FAR1
AET5Gv21192300,NAC
AET5Gv21215200,Trihelix
AET5Gv21228000,HSF
AET7Gv20938800,MADS-MIKC
AET6Gv20058700,B3
AET6Gv20109000,C2H2
AET6Gv20111000,FAR1
AET6Gv20179200,bHLH
AET6Gv20248700,bZIP
AET6Gv20254600,AP2/ERF-ERF
AET6Gv20284300,GARP-G2-like
AET6Gv20284700,SBP
AET6Gv20290200,B3
AET7Gv21003600,MYB
AET6Gv20340200,AP2/ERF-AP2
AET6Gv20342500,FAR1
AET6Gv20343000,AP2/ERF-ERF
AET6Gv20343500,Whirly
AET6Gv20350600,C3H
AET6Gv20373300,PLATZ
AET6Gv20401700,MADS-MIKC
AET6Gv20418100,bZIP
AET6Gv20432100,bZIP
AET7Gv21009600,B3-ARF
AET6Gv20466000,AP2/ERF-ERF
AET6Gv20528800,Trihelix
AET6Gv20536500,Trihelix
AET6Gv20556400,NAC
AET7Gv21025700,Tify
AET7Gv21207900,AP2/ERF-AP2
AET6Gv20600500,MYB
AET6Gv20602600,MYB
AET6Gv20621800,C2C2-YABBY
AET6Gv20625900,Trihelix
AET6Gv20626600,HB-HD-ZIP
AET6Gv20634400,AP2/ERF-ERF
AET6Gv20642200,GRAS
AET6Gv20650100,AP2/ERF-ERF
AET6Gv20664900,GRF
AET6Gv20671000,MYB-related
AET6Gv20675500,bHLH
AET6Gv20685400,GARP-G2-like
AET6Gv20729700,bHLH
AET7Gv21229900,GARP-ARR-B
AET6Gv20760100,NAC
AET6Gv20761000,RWP-RK
AET6Gv20787100,AP2/ERF-ERF
AET6Gv20802500,GeBP
AET6Gv20820400,bZIP
AET6Gv20858300,MYB-related
AET6Gv20887500,MADS-M-type
AET6Gv20944800,AP2/ERF-ERF
AET6Gv20965900,LOB
AET6Gv20969100,B3
AET6Gv20981800,NAC
AET6Gv21009700,C3H
AET7Gv20023100,GRAS
AET7Gv20079700,MYB-related
AET7Gv20147300,B3
AET7Gv20163000,NAC
AET7Gv20249300,AP2/ERF-AP2
AET7Gv20251300,Whirly
AET7Gv20253100,WRKY
AET7Gv21253200,GARP-ARR-B
AET7Gv20295400,bHLH
AET7Gv20310700,MYB-related
AET7Gv21255100,HB-KNOX
AET7Gv20324800,C2H2
AET7Gv20341800,FAR1
AET7Gv20370300,AP2/ERF-ERF
AET7Gv20421900,B3-ARF
AET7Gv21277000,AP2/ERF-AP2
AET7Gv20437400,HB-HD-ZIP
AET7Gv20467100,bZIP
AET7Gv20481900,RWP-RK
AET7Gv20482700,NAC
AET7Gv20508000,GeBP
AET7Gv20511700,Tify
AET7Gv20512400,Tify
AET7Gv20524100,NAC
AET7Gv20524800,NAC
AET7Gv20537800,NF-YB
AET7Gv20575100,HB-other
AET7Gv20603200,bHLH
AET7Gv20618500,AP2/ERF-ERF
AET7Gv20622100,C2H2
AET7Gv20652000,LOB
AET7Gv20662700,SRS
AET7Gv20665400,MYB
AET7Gv20763500,NAC
AET7Gv20775900,bHLH
AET7Gv20788100,NAC
AET7Gv20845400,CPP
AET7Gv20857400,MYB-related
AET7Gv20868100,bZIP
AET7Gv20888200,FAR1
AET7Gv20894700,bHLH
AET7Gv20898200,HSF
AET7Gv20909800,AP2/ERF-ERF
AET7Gv20923100,AP2/ERF-ERF
AET7Gv20924500,MYB
AET7Gv20953600,bZIP
AET7Gv20960300,MADS-M-type
AET7Gv20964400,PLATZ
AET7Gv20969000,bZIP
AET7Gv20987600,SRS
AET7Gv21302400,GARP-ARR-B
AET7Gv21045700,C2H2
AET7Gv21058700,FAR1
AET7Gv21077900,B3-ARF
AET7Gv21088700,C3H
AET7Gv21131600,NAC
AET7Gv21165800,NF-YC
AET7Gv21167500,NF-YC
AET7Gv21168300,NF-YC
AET7Gv21251400,GARP-G2-like
AET7Gv21263000,NF-X1
AET7Gv21266500,FAR1
AET7Gv21281700,C3H
AET7Gv21307000,C2H2
AET7Gv21362000,NAC
